{
  "losses": [
    8.942739645640055,
    8.767747790725142,
    8.625093795635083,
    8.500356886121962,
    8.386442555321587,
    8.28011253145006,
    8.182255303418195,
    8.08593029446072,
    7.99780849174217,
    7.910089333852132,
    7.826909789332637,
    7.746821783207081,
    7.664759097275911,
    7.58330143822564,
    7.499763762509382,
    7.413467054013853,
    7.335283473685935,
    7.251767785460861,
    7.170577331825539,
    7.082258383433024,
    6.994900880036531,
    6.913333380663836,
    6.82396658261617,
    6.732426802317302,
    6.646533250808716,
    6.553978063442089,
    6.472716508088289,
    6.3787295465116145,
    6.280644354996858,
    6.189374128977458,
    6.087185612431279,
    5.994658567287304,
    5.895287345956873,
    5.801175267608078,
    5.7120534843868676,
    5.604270696640015,
    5.504621982574463,
    5.4115242604856135,
    5.303081212220369,
    5.204476630246198,
    5.099488602744208,
    5.009016346048425,
    4.898468785815769,
    4.794145893167566,
    4.699476957321167,
    4.582817121788308,
    4.482653847447148,
    4.382662049046269,
    4.272603114446004,
    4.166791213883294,
    4.072478409166689,
    3.975505241641292,
    3.881832166954323,
    3.7865766242698387,
    3.6900325086381702,
    3.610356472156666,
    3.5153938178662902,
    3.4373885658052235,
    3.3715353232842906,
    3.2943407694498696,
    3.2235467389777854,
    3.1570677006686174,
    3.0987750556733875,
    3.030428078439501,
    2.9816113931161388,
    2.931121486204642,
    2.8721747663286,
    2.824525621202257,
    2.7917878362867565,
    2.7391895364831993,
    2.6963730829733388,
    2.660166347468341,
    2.6106277615935713,
    2.566847218407525,
    2.52464849419064,
    2.496749855853893,
    2.455655610119855,
    2.426001473709389,
    2.3994782633251615,
    2.363813974239208,
    2.335347149107191,
    2.283655639047976,
    2.25421847237481,
    2.2251094977060952,
    2.2109728433467724,
    2.173085621109715,
    2.1492843848687633,
    2.1150378893922874,
    2.0896554081528276,
    2.062636187782994,
    2.02721146080229,
    2.00256097095984,
    1.9784976597185489,
    1.9437384848241452,
    1.9193627149970443,
    1.886626285535318,
    1.8713754305133112,
    1.8480196528964572,
    1.815802863350621,
    1.7924064530266657
  ],
  "metrics": {
    "both": {
      "optimistic": {
        "adjusted_arithmetic_mean_rank": 0.14949937276633332,
        "adjusted_arithmetic_mean_rank_index": 0.8505936347531537,
        "adjusted_geometric_mean_rank_index": 0.9796596026684299,
        "adjusted_hits_at_k": 0.23644706417030087,
        "adjusted_inverse_harmonic_mean_rank": 0.12960255770712537,
        "arithmetic_mean_rank": 1367.2358490566037,
        "count": 6890.0,
        "geometric_mean_rank": 137.81522450285752,
        "harmonic_mean_rank": 7.686539139895994,
        "hits_at_1": 0.07968069666182874,
        "hits_at_10": 0.23686502177068214,
        "hits_at_3": 0.1316400580551524,
        "hits_at_5": 0.16705370101596517,
        "inverse_arithmetic_mean_rank": 0.000731402706190013,
        "inverse_geometric_mean_rank": 0.007256092377364778,
        "inverse_harmonic_mean_rank": 0.1300975616984279,
        "inverse_median_rank": 0.003367003367003367,
        "median_absolute_deviation": 437.36765445915256,
        "median_rank": 297.0,
        "standard_deviation": 2469.2184755665385,
        "variance": 6097039.88007914,
        "z_arithmetic_mean_rank": 122.21743038283644,
        "z_geometric_mean_rank": 81.44036926454292,
        "z_hits_at_k": 838.6451708392428,
        "z_inverse_harmonic_mean_rank": 1135.1278828700958
      },
      "pessimistic": {
        "adjusted_arithmetic_mean_rank": 0.1494994045063176,
        "adjusted_arithmetic_mean_rank_index": 0.8505936030096986,
        "adjusted_geometric_mean_rank_index": 0.9796595999370672,
        "adjusted_hits_at_k": 0.23644706417030087,
        "adjusted_inverse_harmonic_mean_rank": 0.1296025576334536,
        "arithmetic_mean_rank": 1367.2361393323658,
        "count": 6890.0,
        "geometric_mean_rank": 137.81524287476964,
        "harmonic_mean_rank": 7.68653914424626,
        "hits_at_1": 0.07968069666182874,
        "hits_at_10": 0.23686502177068214,
        "hits_at_3": 0.1316400580551524,
        "hits_at_5": 0.16705370101596517,
        "inverse_arithmetic_mean_rank": 0.0007314025509070506,
        "inverse_geometric_mean_rank": 0.007256091410067629,
        "inverse_harmonic_mean_rank": 0.13009756162479802,
        "inverse_median_rank": 0.003367003367003367,
        "median_absolute_deviation": 437.36765445915256,
        "median_rank": 297.0,
        "standard_deviation": 2469.218635887558,
        "variance": 6097040.671814412,
        "z_arithmetic_mean_rank": 122.2174258217824,
        "z_geometric_mean_rank": 81.44036903748122,
        "z_hits_at_k": 838.6451708392428,
        "z_inverse_harmonic_mean_rank": 1135.1278822248394
      },
      "realistic": {
        "adjusted_arithmetic_mean_rank": 0.14949938510664704,
        "adjusted_arithmetic_mean_rank_index": 0.8505936224114906,
        "adjusted_geometric_mean_rank_index": 0.9796596039229722,
        "adjusted_hits_at_k": 0.23644706417030087,
        "adjusted_inverse_harmonic_mean_rank": 0.12960254913778854,
        "arithmetic_mean_rank": 1367.2359619140625,
        "count": 6890.0,
        "geometric_mean_rank": 137.81521606445312,
        "harmonic_mean_rank": 7.686539645909222,
        "hits_at_1": 0.07968069666182874,
        "hits_at_10": 0.23686502177068214,
        "hits_at_3": 0.1316400580551524,
        "hits_at_5": 0.16705370101596517,
        "inverse_arithmetic_mean_rank": 0.0007314026588574052,
        "inverse_geometric_mean_rank": 0.007256092969328165,
        "inverse_harmonic_mean_rank": 0.13009755313396454,
        "inverse_median_rank": 0.003367003286257386,
        "median_absolute_deviation": 437.36765445915256,
        "median_rank": 297.0,
        "standard_deviation": 2469.218505859375,
        "variance": 6097040.5,
        "z_arithmetic_mean_rank": 122.21742860952625,
        "z_geometric_mean_rank": 81.44036936883465,
        "z_hits_at_k": 838.6451708392428,
        "z_inverse_harmonic_mean_rank": 1135.1278078153027
      }
    },
    "head": {
      "optimistic": {
        "adjusted_arithmetic_mean_rank": 0.2427944801463654,
        "adjusted_arithmetic_mean_rank_index": 0.7572897548360781,
        "adjusted_geometric_mean_rank_index": 0.8827357669342742,
        "adjusted_hits_at_k": 0.054044809185053555,
        "adjusted_inverse_harmonic_mean_rank": 0.038031894518934836,
        "arithmetic_mean_rank": 2182.7721335268507,
        "count": 3445.0,
        "geometric_mean_rank": 776.2061010988403,
        "harmonic_mean_rank": 25.914947841773586,
        "hits_at_1": 0.027576197387518143,
        "hits_at_10": 0.054571843251088534,
        "hits_at_3": 0.040638606676342524,
        "hits_at_5": 0.04586357039187228,
        "inverse_arithmetic_mean_rank": 0.00045813302480833545,
        "inverse_geometric_mean_rank": 0.0012883176241263044,
        "inverse_harmonic_mean_rank": 0.03858776819099171,
        "inverse_median_rank": 0.0008658008658008658,
        "median_absolute_deviation": 1479.6370140685908,
        "median_rank": 1155.0,
        "standard_deviation": 2819.001236123709,
        "variance": 7946767.969267,
        "z_arithmetic_mean_rank": 76.91930185021798,
        "z_geometric_mean_rank": 51.896167409308994,
        "z_hits_at_k": 134.35187698592435,
        "z_inverse_harmonic_mean_rank": 233.47177676558613
      },
      "pessimistic": {
        "adjusted_arithmetic_mean_rank": 0.24279451243436817,
        "adjusted_arithmetic_mean_rank_index": 0.7572897225444835,
        "adjusted_geometric_mean_rank_index": 0.8827357583285741,
        "adjusted_hits_at_k": 0.054044809185053555,
        "adjusted_inverse_harmonic_mean_rank": 0.03803189450041821,